UniProt;region_1;region_2;Trimmed_Length;Trimmed_Sequence
P07038;892-917;562-625;356;VGIARETSRQLGLGTNIYNAERLGLGGGGDMPGSEVYDFVEAADGFAEVFPQHKYNVVEILQQRGYLVAMTGDGVNDAPSLKKADTGIAVEGSSDAARSAADIVFLAPGLGAIIDALKTSRQIFHRMYAYVVYRIALSIHLEIFLGLWIAILNRSLNIELVVFIAIFADVATLAIAYDNAPYSQTPVKWNLPKLWGMSVLLGVVLAVGTWITVTTMYAQGENGGIVQNFGNMDEVLFLQISLTENWLIFITRANGPFWSSIPSWQLSGAIFLVDILATCFTIWGWFEHSDTSIVAVVRIWIFSFGIFCIMGGVYYILQDSVGFDNLMHGKSPKGNQKQRSLEDFVVSLQRVSTQHE
Q8NQJ3;1-40;68-117;117;MSDNNGTPEPQVETTSVFRADLLKEMESSTGTAPASTGAENLPAGSALLVVKRGPNAGARFLLDQPTTTAGRHPESDIFLDDVTVSRRHAEFRINEGEFEVVDVGSLNGTYVNREPR
P60240;1-110;147-416,441-659;659;MPFTLGQRWISDTESELGLGTVVAVDARTVTLLFPSTGENRLYARSDSPVTRVMFNPGDTITSHDGWQMQVEEVKEENGLLTYIGTRLDTEESGVALREVFLDSKLVFSKPQDRLFAGQIDRMDRFALRYRARKYSSEQFRMPYSGLRGQRTSLIPHQLNIAHDVGRRHAPRVLLADEVGLGKTIEAGMILHQQLLSGAAERVLIIVPETLQHQWLVEMLRRFNLRFALFDDERYAEAQHDAYNPFDTEQLVICSLDFARRSKQRLEHLCEAEWDLLVVDEAHHLVWSEDAPSREYQAIEQLAEHVPGVLLLTATPEQLGMESHFARLRLLDPNRFHDFAQFVEEQKNYRPVADAVAMLLAGNKLSNDELNMLGEMIGEQDIEPLLQAANSDSEDAQSARQELVSMLMDRHGTSRVLFRNTRNGVKGFPKRELHTIKLPLPTQYQTAIKVSGIMGARKSAEDRARDMLYPERIYQEFEGDNATWWNFDPRVEWLMGYLTSHRSQKVLVICAKAATALQLEQVLREREGIRAAVFHEGMSIIERDRAAAWFAEEDTGAQVLLCSEIGSEGRNFQFASHMVMFDLPFNPDLLEQRIGRLDRIGQAHDIQIHVPYLEKTAQSVLVRWYHEGLDAFEHTCPTGRTIYDSVYNDLINYLASPDQ
P28482;173-196;25-172,197-313;289;YTNLSYIGEGAYGMVCSAYDNVNKVRVAIKKISPFEHQTYCQRTLREIKILLRFRHENIIGINDIIRAPTIEQMKDVYIVQDLMETDLYKLLKTQHLSNDHICYFLYQILRGLKYIHSANVLHRDLKPSNLLLNTTCDLKICDFGLARVADPDHDHTGFLTEYVATRWYRAPEIMLNSKGYTKSIDIWSVGCILAEMLSNRPIFPGKHYLDQLNHILGILGSPSQEDLNCIINLKARNYLLSLPHKNKVPWNRLFPNADSKALDLLDKMLTFNPHKRIEVEQALAHPYL
P62826;179-216;10-169;207;QFKLVLVGDGGTGKTTFVKRHLTGEFEKKYVATLGVEVHPLVFHTNRGPIKFNVWDTAGQEKFGGLRDGYYIQAQCAIIMFDVTSRVTYKNVPNWHRDLVRVCENIPIVLCGNKVDIKDRKVKAKSIVFHRKKNLQYYDISAKSNYNFEKPFLWLARKLIGDPNLEFVAMPALAPPEVVMDPALAAQYEHDLEVAQTTALPDEDDDL
P12931;249-269,151-248;84-145,524-536;453;GGVTTFVALYDYESRTETDLSFKKGERLQIVNNTEGDWWLAHSLSTGQTGYIPSNYVAPSDSIQAEEWYFGKITRRESERLLLNAENPRGTFLVRESETTKGAYCLSVSDFDNAKGLNVKHYKIRKLDSGGFYITSRTQFNSLQQLVAYYSKHADGLCHRLTTVCPTSKPQTQGLAKDAWEIPRESLRLEVKLGQGCFGEVWMGTWNGTTRVAIKTLKPGTMSPEAFLQEAQVMKKLRHEKLVQLYAVVSEEPIYIVTEYMSKGSLLDFLKGETGKYLRLPQLVDMAAQIASGMAYVERMNYVHRDLRAANILVGENLVCKVADFGLARLIEDNEYTARQGAKFPIKWTAPEAALYGRFTIKSDVWSFGILLTELTTKGRVPYPGMVNREVLDQVERGYRMPCPPECPESLHDLMCQCWRKEPEERPTFEYLQAFLEDYFTSTEPQYQPGENL
P22681;353-380;381-435;83;CEPTPQDHIKVTQEQYELYCEMGSTFQLCKICAENDKDVKIEPCGHLMCTSCLTSWQESEGQGCPFCRCEIKGTEPIVVDPFD
P21333;2142-2235;2236-2325;184;ESITRRRRAPSVANVGSHCDLSLKIPEISIQDMTAQVTSPSGKTHEAEIVEGENHTYCIRFVPAEMGTHTVSVKYKGQHVPGSPFQFTVGPLGEGGAHKVRAGGPGLERAEAGVPAEFSIWTREAGAGGLAIAVEGPSKAEISFEDRKDGSCGVAYVVQEPGDYEVSVKFNEEHIPDSPFVVPV
Q9Y6K1;476-626;634-912;437;RERLVYEVRQKCRNIEDICISCGSLNVTLEHPLFVGGMCQNCKNCFLECAYQYDDDGYQSYCTICCGGREVLMCGNNNCCRCFCVECVDLLVGPGAAQAAIKEDPWNCYMCGHKGTYGLLRRREDWPSRLQMFFANNHDQEFDPPKVYPPVPAEKRKPIRVLSLFDGIATGLLVLKDLGIQVDRYIASEVCEDSITVGMVRHQGKIMYVGDVRSVTQKHIQEWGPFDLVIGGSPCNDLSIVNPARKGLYEGTGRLFFEFYRLLHDARPKEGDDRPFFWLFENVVAMGVSDKRDISRFLESNPVMIDAKEVSAAHRARYFWGNLPGMNRPLASTVNDKLELQECLEHGRIAKFSKVRTITTRSNSIKQGKDQHFPVFMNEKEDILWCTEMERVFGFPVHYTDVSNMSRLARQRLLGRSWSVPVIRHLFAPLKEYFACV
P26358;647-714;1140-1602;956;AFKRRRCGVCEVCQQPECGKCKACKDMVKFGGSGRSKQACQERRCPNMAMKEADDDEEVDDNIPEMPSPKKMHQGKKKKQNKNRISWVGEAVKTDGKKSYYKKVCIDAETLEVGDCVSVIPDDSSKPLYLARVTALWEDSSNGQMFHAHWFCAGTDTVLGATSDPLELFLVDECEDMQLSYIHSKVKVIYKAPSENWAMEGGMDPESLLEGDDGKTYFYQLWYDQDYARFESPPKTQPTEDNKFKFCVSCARLAEMRQKEIPRVLEQLEDLDSRVLYYSATKNGILYRVGDGVYLPPEAFTFNIKLSSPVKRPRKEPVDEDLYPEHYRKYSDYIKGSNLDAPEPYRIGRIKEIFCPKKSNGRPNETDIKIRVNKFYRPENTHKSTPASYHADINLLYWSDEEAVVDFKAVQGRCTVEYGEDLPECVQVYSMGGPNRFYFLEAYNAKSKSFEDPPNHARSPGNKGKGKGKGKGKPKSQACEPSEPEIEIKLPKLRTLDVFSGCGGLSEGFHQAGISDTLWAIEMWDPAAQAFRLNNPGSTVFTEDCNILLKLVMAGETTNSRGQRLPQKGDVEMLCGGPPCQGFSGMNRFNSRTYSKFKNSLVVSFLSYCDYYRPRFFLLENVRNFVSFKRSMVLKLTLRCLVRMGYQCTFGVLQAGQYGVAQTRRRAIILAAAPGEKLPLFPEPLHVFAPRACQLSVVVDDKKFVSNITRLSSGPFRTITVRDTMSDLPEVRNGASALEISYNGEPQSWFQRQLRGAQYQPILRDHICKDMSALVAARMRHIPLAPGSDWRDLPNIEVRLSDGTMARKLRYTHHDRKNGRSSSGALRGVCSCVEAGKACDPAARQFNTLIPWCLPHTGNRHNHWAGLYGRLEWDGFFSTTVTNPEPMGKQGRVLHPEQHRVVSVRECARSQGFPDTYRLFGNILDKHRQVGNAVPPPLAKAIGLEIKLCMLAKARE
P29350;1-105;244-515;515;MVRWFHRDLSGLDAETLLKGRGVHGSFLARPSRKNQGDFSLSVRVGDQVTHIRIQNSGDFYDLYGGEKFATLTELVEYYTQQQGVLQDRDGTIIHLKYPLNCSDPTSERWYHGHMSGGQAETLLQAKGEPWTFLVRESLSQPGDFVLSVLSDQPKAGPGSPLRVTHIKVMCEGGRYTVGGLETFDSLTDLVEHFKKTGIEEASGAFVYLRQPYYATRVNAADIENRVLELNKKQESEDTAKAGFWEEFESLQKQEVKNLHQRLEGQRPENKGKNRYKNILPFDHSRVILQGRDSNIPGSDYINANYIKNQLLGPDENAKTYIASQGCLEATVNDFWQMAWQENSRVIVMTTREVEKGRNKCVPYWPEVGMQRAYGPYSVTNCGEHDTTEYKLRTLQVSPLDNGDLIREIWHYQYLSWPDHGVPSEPGGVLSFLDQINQRQESLPHAGPIIVHCSAGIGRTGTIIVIDMLMENISTKGLDCDIDIQKTIQMVRAQRSGMVQTEAQYKFIYVAIAQF
P35520;414-551;40-413;512;EPLWIRPDAPSRCTWQLGRPASESPHHHTAPAKSPKILPDILKKIGDTPMVRINKIGKKFGLKCELLAKCEFFNAGGSVKDRISLRMIEDAERDGTLKPGDTIIEPTSGNTGIGLALAAAVRGYRCIIVMPEKMSSEKVDVLRALGAEIVRTPTNARFDSPESHVGVAWRLKNEIPNSHILDQYRNASNPLAHYDTTADEILQQCDGKLDMLVASVGTGGTITGIARKLKEKCPGCRIIGVDPEGSILAEPEELNQTEQTTYEVEGIGYDFIPTVLDRTVVDKWFKSNDEEAFTFARMLIAQEGLLCGGSAGSTVAVAVKAAQELQEGQRCVVILPDSVRNYMTKFLSDRWMLQKGFLKEEDLTEKKPWWWHLRVQELGLSAPLTVLPTITCGHTIEILREKGFDQAPVVDEAGVILGMVTLGNMLSSLLAGKVQPSDQVGKVIYKQFKQIRLTDTLGRLSHILEMDHFALVVHEQIQYHSTGKSSQRQMVFGVVTAIDLLNFVAAQERDQK
P27577;304-310,416-441;335-415;137;FKDYVRDRADLNKDKPVIPAAALAGYTGSGPIQLWQFLLELLTDKSCQSFISWTGDGWEFKLSDPDEVARRWGKRKNKPKMNYEKLSRGLRYYYDKNIIHKTAGKRYVYRFVCDLQSLLGYTPEELHAMLDVKPDAD
O08967;251-265,383-395;77-206;319;FNMDPKKGIQFLIENDLLQSSPEDVAQFLYKGEGLNKTVIGDYLGERDDFNIKVLQAFVELHEFADLNLVQALRQFLWSFRLPGEAQKIDRMMEAFASRYCLCNPGVFQSTDTCYVLSFAIIMLNTSLHNHNVRDKPTAERFITMNRGINEGGDLPEELLRNLYESIKNEPFKIPEDDGNDLTHTFFNPDREGWLLKLGGRVKTWKRRWFILTDNCLYYFEYTTDKEPRGIIPLENLSIREVEDPRKPNCFELYNPSHKGQVIKACKTEADGRVVEGNHVVYRISAPSPEEKEEWMKSIKASISRDPFYDMLATRKRRI
P53042;28-129;495-499,200-494;472;AEELKTQANDYFKAKDYENAIKFYSQAIELNPSNAIYYGNRSLAYLRTECYGYALGDATRAIELDKKYIKGYYRRAASNMALGKFRAALRDYETVVKVKPNDKDAKMKYQECSKIVKQKAFERAIAGDEHRRSVVDSLDIESMTIEDEYSGPKLEDGKVTITFMKDLMQWYKDQKKLHRKCAYQILVQVKEVLCKLSTLVETTLKETEKITVCGDTHGQFYDLLNIFELNGLPSETNPYIFNGDFVDRGSFSVEVILTLFGFKLLYPDHFHLLRGNHETDNMNQIYGFEGEVKAKYTAQMYELFSEVFEWLPLAQCINGKVLIMHGGLFSEDGVTLDDIRKIERNRQPPDSGPMCDLLWSDPQPQNGRSVSKRGVSCQFGPDVTKAFLEENQLDYIIRSHEVKAEGYEVAHGGRCVTVFSAPNYCDQMGNKASYIHLQGSDLRPQFHQFTAVPHPNVKPMAYANTLLQLGMM
P07038;892-917;562-625;356;VGIARETSRQLGLGTNIYNAERLGLGGGGDMPGSEVYDFVEAADGFAEVFPQHKYNVVEILQQRGYLVAMTGDGVNDAPSLKKADTGIAVEGSSDAARSAADIVFLAPGLGAIIDALKTSRQIFHRMYAYVVYRIALSIHLEIFLGLWIAILNRSLNIELVVFIAIFADVATLAIAYDNAPYSQTPVKWNLPKLWGMSVLLGVVLAVGTWITVTTMYAQGENGGIVQNFGNMDEVLFLQISLTENWLIFITRANGPFWSSIPSWQLSGAIFLVDILATCFTIWGWFEHSDTSIVAVVRIWIFSFGIFCIMGGVYYILQDSVGFDNLMHGKSPKGNQKQRSLEDFVVSLQRVSTQHE
Q8NQJ3;1-40;68-117;117;MSDNNGTPEPQVETTSVFRADLLKEMESSTGTAPASTGAENLPAGSALLVVKRGPNAGARFLLDQPTTTAGRHPESDIFLDDVTVSRRHAEFRINEGEFEVVDVGSLNGTYVNREPR
P60240;1-110;147-416,441-659;659;MPFTLGQRWISDTESELGLGTVVAVDARTVTLLFPSTGENRLYARSDSPVTRVMFNPGDTITSHDGWQMQVEEVKEENGLLTYIGTRLDTEESGVALREVFLDSKLVFSKPQDRLFAGQIDRMDRFALRYRARKYSSEQFRMPYSGLRGQRTSLIPHQLNIAHDVGRRHAPRVLLADEVGLGKTIEAGMILHQQLLSGAAERVLIIVPETLQHQWLVEMLRRFNLRFALFDDERYAEAQHDAYNPFDTEQLVICSLDFARRSKQRLEHLCEAEWDLLVVDEAHHLVWSEDAPSREYQAIEQLAEHVPGVLLLTATPEQLGMESHFARLRLLDPNRFHDFAQFVEEQKNYRPVADAVAMLLAGNKLSNDELNMLGEMIGEQDIEPLLQAANSDSEDAQSARQELVSMLMDRHGTSRVLFRNTRNGVKGFPKRELHTIKLPLPTQYQTAIKVSGIMGARKSAEDRARDMLYPERIYQEFEGDNATWWNFDPRVEWLMGYLTSHRSQKVLVICAKAATALQLEQVLREREGIRAAVFHEGMSIIERDRAAAWFAEEDTGAQVLLCSEIGSEGRNFQFASHMVMFDLPFNPDLLEQRIGRLDRIGQAHDIQIHVPYLEKTAQSVLVRWYHEGLDAFEHTCPTGRTIYDSVYNDLINYLASPDQ
P28482;173-196;25-172,197-313;289;YTNLSYIGEGAYGMVCSAYDNVNKVRVAIKKISPFEHQTYCQRTLREIKILLRFRHENIIGINDIIRAPTIEQMKDVYIVQDLMETDLYKLLKTQHLSNDHICYFLYQILRGLKYIHSANVLHRDLKPSNLLLNTTCDLKICDFGLARVADPDHDHTGFLTEYVATRWYRAPEIMLNSKGYTKSIDIWSVGCILAEMLSNRPIFPGKHYLDQLNHILGILGSPSQEDLNCIINLKARNYLLSLPHKNKVPWNRLFPNADSKALDLLDKMLTFNPHKRIEVEQALAHPYL
P62826;179-216;10-169;207;QFKLVLVGDGGTGKTTFVKRHLTGEFEKKYVATLGVEVHPLVFHTNRGPIKFNVWDTAGQEKFGGLRDGYYIQAQCAIIMFDVTSRVTYKNVPNWHRDLVRVCENIPIVLCGNKVDIKDRKVKAKSIVFHRKKNLQYYDISAKSNYNFEKPFLWLARKLIGDPNLEFVAMPALAPPEVVMDPALAAQYEHDLEVAQTTALPDEDDDL
P12931;249-269,151-248;84-145,524-536;453;GGVTTFVALYDYESRTETDLSFKKGERLQIVNNTEGDWWLAHSLSTGQTGYIPSNYVAPSDSIQAEEWYFGKITRRESERLLLNAENPRGTFLVRESETTKGAYCLSVSDFDNAKGLNVKHYKIRKLDSGGFYITSRTQFNSLQQLVAYYSKHADGLCHRLTTVCPTSKPQTQGLAKDAWEIPRESLRLEVKLGQGCFGEVWMGTWNGTTRVAIKTLKPGTMSPEAFLQEAQVMKKLRHEKLVQLYAVVSEEPIYIVTEYMSKGSLLDFLKGETGKYLRLPQLVDMAAQIASGMAYVERMNYVHRDLRAANILVGENLVCKVADFGLARLIEDNEYTARQGAKFPIKWTAPEAALYGRFTIKSDVWSFGILLTELTTKGRVPYPGMVNREVLDQVERGYRMPCPPECPESLHDLMCQCWRKEPEERPTFEYLQAFLEDYFTSTEPQYQPGENL
P22681;353-380;381-435;83;CEPTPQDHIKVTQEQYELYCEMGSTFQLCKICAENDKDVKIEPCGHLMCTSCLTSWQESEGQGCPFCRCEIKGTEPIVVDPFD
P21333;2142-2235;2236-2325;184;ESITRRRRAPSVANVGSHCDLSLKIPEISIQDMTAQVTSPSGKTHEAEIVEGENHTYCIRFVPAEMGTHTVSVKYKGQHVPGSPFQFTVGPLGEGGAHKVRAGGPGLERAEAGVPAEFSIWTREAGAGGLAIAVEGPSKAEISFEDRKDGSCGVAYVVQEPGDYEVSVKFNEEHIPDSPFVVPV
Q9Y6K1;476-626;634-912;437;RERLVYEVRQKCRNIEDICISCGSLNVTLEHPLFVGGMCQNCKNCFLECAYQYDDDGYQSYCTICCGGREVLMCGNNNCCRCFCVECVDLLVGPGAAQAAIKEDPWNCYMCGHKGTYGLLRRREDWPSRLQMFFANNHDQEFDPPKVYPPVPAEKRKPIRVLSLFDGIATGLLVLKDLGIQVDRYIASEVCEDSITVGMVRHQGKIMYVGDVRSVTQKHIQEWGPFDLVIGGSPCNDLSIVNPARKGLYEGTGRLFFEFYRLLHDARPKEGDDRPFFWLFENVVAMGVSDKRDISRFLESNPVMIDAKEVSAAHRARYFWGNLPGMNRPLASTVNDKLELQECLEHGRIAKFSKVRTITTRSNSIKQGKDQHFPVFMNEKEDILWCTEMERVFGFPVHYTDVSNMSRLARQRLLGRSWSVPVIRHLFAPLKEYFACV
P26358;647-714;1140-1602;956;AFKRRRCGVCEVCQQPECGKCKACKDMVKFGGSGRSKQACQERRCPNMAMKEADDDEEVDDNIPEMPSPKKMHQGKKKKQNKNRISWVGEAVKTDGKKSYYKKVCIDAETLEVGDCVSVIPDDSSKPLYLARVTALWEDSSNGQMFHAHWFCAGTDTVLGATSDPLELFLVDECEDMQLSYIHSKVKVIYKAPSENWAMEGGMDPESLLEGDDGKTYFYQLWYDQDYARFESPPKTQPTEDNKFKFCVSCARLAEMRQKEIPRVLEQLEDLDSRVLYYSATKNGILYRVGDGVYLPPEAFTFNIKLSSPVKRPRKEPVDEDLYPEHYRKYSDYIKGSNLDAPEPYRIGRIKEIFCPKKSNGRPNETDIKIRVNKFYRPENTHKSTPASYHADINLLYWSDEEAVVDFKAVQGRCTVEYGEDLPECVQVYSMGGPNRFYFLEAYNAKSKSFEDPPNHARSPGNKGKGKGKGKGKPKSQACEPSEPEIEIKLPKLRTLDVFSGCGGLSEGFHQAGISDTLWAIEMWDPAAQAFRLNNPGSTVFTEDCNILLKLVMAGETTNSRGQRLPQKGDVEMLCGGPPCQGFSGMNRFNSRTYSKFKNSLVVSFLSYCDYYRPRFFLLENVRNFVSFKRSMVLKLTLRCLVRMGYQCTFGVLQAGQYGVAQTRRRAIILAAAPGEKLPLFPEPLHVFAPRACQLSVVVDDKKFVSNITRLSSGPFRTITVRDTMSDLPEVRNGASALEISYNGEPQSWFQRQLRGAQYQPILRDHICKDMSALVAARMRHIPLAPGSDWRDLPNIEVRLSDGTMARKLRYTHHDRKNGRSSSGALRGVCSCVEAGKACDPAARQFNTLIPWCLPHTGNRHNHWAGLYGRLEWDGFFSTTVTNPEPMGKQGRVLHPEQHRVVSVRECARSQGFPDTYRLFGNILDKHRQVGNAVPPPLAKAIGLEIKLCMLAKARE
P29350;1-105;244-515;515;MVRWFHRDLSGLDAETLLKGRGVHGSFLARPSRKNQGDFSLSVRVGDQVTHIRIQNSGDFYDLYGGEKFATLTELVEYYTQQQGVLQDRDGTIIHLKYPLNCSDPTSERWYHGHMSGGQAETLLQAKGEPWTFLVRESLSQPGDFVLSVLSDQPKAGPGSPLRVTHIKVMCEGGRYTVGGLETFDSLTDLVEHFKKTGIEEASGAFVYLRQPYYATRVNAADIENRVLELNKKQESEDTAKAGFWEEFESLQKQEVKNLHQRLEGQRPENKGKNRYKNILPFDHSRVILQGRDSNIPGSDYINANYIKNQLLGPDENAKTYIASQGCLEATVNDFWQMAWQENSRVIVMTTREVEKGRNKCVPYWPEVGMQRAYGPYSVTNCGEHDTTEYKLRTLQVSPLDNGDLIREIWHYQYLSWPDHGVPSEPGGVLSFLDQINQRQESLPHAGPIIVHCSAGIGRTGTIIVIDMLMENISTKGLDCDIDIQKTIQMVRAQRSGMVQTEAQYKFIYVAIAQF
P35520;414-551;40-413;512;EPLWIRPDAPSRCTWQLGRPASESPHHHTAPAKSPKILPDILKKIGDTPMVRINKIGKKFGLKCELLAKCEFFNAGGSVKDRISLRMIEDAERDGTLKPGDTIIEPTSGNTGIGLALAAAVRGYRCIIVMPEKMSSEKVDVLRALGAEIVRTPTNARFDSPESHVGVAWRLKNEIPNSHILDQYRNASNPLAHYDTTADEILQQCDGKLDMLVASVGTGGTITGIARKLKEKCPGCRIIGVDPEGSILAEPEELNQTEQTTYEVEGIGYDFIPTVLDRTVVDKWFKSNDEEAFTFARMLIAQEGLLCGGSAGSTVAVAVKAAQELQEGQRCVVILPDSVRNYMTKFLSDRWMLQKGFLKEEDLTEKKPWWWHLRVQELGLSAPLTVLPTITCGHTIEILREKGFDQAPVVDEAGVILGMVTLGNMLSSLLAGKVQPSDQVGKVIYKQFKQIRLTDTLGRLSHILEMDHFALVVHEQIQYHSTGKSSQRQMVFGVVTAIDLLNFVAAQERDQK
P27577;304-310,416-441;335-415;137;FKDYVRDRADLNKDKPVIPAAALAGYTGSGPIQLWQFLLELLTDKSCQSFISWTGDGWEFKLSDPDEVARRWGKRKNKPKMNYEKLSRGLRYYYDKNIIHKTAGKRYVYRFVCDLQSLLGYTPEELHAMLDVKPDAD
O08967;251-265,383-395;77-206;319;FNMDPKKGIQFLIENDLLQSSPEDVAQFLYKGEGLNKTVIGDYLGERDDFNIKVLQAFVELHEFADLNLVQALRQFLWSFRLPGEAQKIDRMMEAFASRYCLCNPGVFQSTDTCYVLSFAIIMLNTSLHNHNVRDKPTAERFITMNRGINEGGDLPEELLRNLYESIKNEPFKIPEDDGNDLTHTFFNPDREGWLLKLGGRVKTWKRRWFILTDNCLYYFEYTTDKEPRGIIPLENLSIREVEDPRKPNCFELYNPSHKGQVIKACKTEADGRVVEGNHVVYRISAPSPEEKEEWMKSIKASISRDPFYDMLATRKRRI
P53042;28-129;495-499,200-494;472;AEELKTQANDYFKAKDYENAIKFYSQAIELNPSNAIYYGNRSLAYLRTECYGYALGDATRAIELDKKYIKGYYRRAASNMALGKFRAALRDYETVVKVKPNDKDAKMKYQECSKIVKQKAFERAIAGDEHRRSVVDSLDIESMTIEDEYSGPKLEDGKVTITFMKDLMQWYKDQKKLHRKCAYQILVQVKEVLCKLSTLVETTLKETEKITVCGDTHGQFYDLLNIFELNGLPSETNPYIFNGDFVDRGSFSVEVILTLFGFKLLYPDHFHLLRGNHETDNMNQIYGFEGEVKAKYTAQMYELFSEVFEWLPLAQCINGKVLIMHGGLFSEDGVTLDDIRKIERNRQPPDSGPMCDLLWSDPQPQNGRSVSKRGVSCQFGPDVTKAFLEENQLDYIIRSHEVKAEGYEVAHGGRCVTVFSAPNYCDQMGNKASYIHLQGSDLRPQFHQFTAVPHPNVKPMAYANTLLQLGMM
P00579;2-80;379-449,458-534;533;EQNPQSQLKLLVTRGKEQGYLTYAEVNDHLPEDIVDSDQIEDIIQMINDMGIQVMEEAPDADDLMLAENTADEDAAEAAAQVLSSVESEIGRTTDPVRMYMREMGTVELLTREGEIDIAKRIEDGINQVQCSVAEYPEAITYLLEQYDRVEAEEARLSDLITGFVDPNAEEDLAPTATHVGSELSQEDLDDDEDEDEEDGDDDSADDDNSIDPELAREKFAELRAQYVVTRDTIKAKGRSHATAQEEILKLSEVFKQFRLVPKQFDYLVNSMRVMMDRVRTQERLIMKLCVEQCKMPKKNFITLFTGNETSDTWFNAAIAMNKPWSEKLHDVSEEVHRALQKLQQIEEETGLTIEQVKDINRRMSIGEAKARRAKKEMVEANLRLVISIAKKYTNRGLQFLDLIQEGNIGLMKAVDKFEYRRGYKFSTYATWWIRQAITRSIADQARTIRIPVHMIETINKLNRISRQMLQEMGREPTPEELAERMLMPEDKIRKVLKIAKEPISMETPIGDDEDSHLGDFIEDTTLELPLDS
